Area Code (FAO),Area,Year_Code,Year,Agriculture_CG,Total_Expenditure_CG
1,Armenia,1,2017,76.01,3117.36
1,Armenia,2,2018,53.74,2996.11
1,Armenia,3,2019,63.14,3391.52
1,Armenia,4,2020,61.32,3874.46
1,Armenia,5,2021,87.18,3978.61
1,Armenia,6,2022,134.42,5147.58
2,Afghanistan,7,2017,,9026.27
2,Afghanistan,8,2018,,5611.66
2,Afghanistan,9,2019,,5459.32
2,Afghanistan,10,2020,,5979.45
2,Afghanistan,11,2021,,5434.51
2,Afghanistan,12,2022,,2642.9
3,Albania,13,2017,60.28,2936.56
3,Albania,14,2018,74.81,3309.15
3,Albania,15,2019,55.54,3285.52
3,Albania,16,2020,82.56,3796.47
3,Albania,17,2021,112.75,4340.22
3,Albania,18,2022,116.29,4254.78
4,Algeria,19,2017,,60976.98
4,Algeria,20,2018,,72401.78
4,Algeria,21,2019,,71695.88
4,Algeria,22,2020,,61557.32
4,Algeria,23,2021,1661.84,60451.6
4,Algeria,24,2022,2404.66,60604.13
5,American Samoa,25,2017,,
5,American Samoa,26,2018,,
5,American Samoa,27,2019,,
5,American Samoa,28,2020,,
5,American Samoa,29,2021,,
5,American Samoa,30,2022,,
6,Andorra,31,2017,,
6,Andorra,32,2018,,
6,Andorra,33,2019,,
6,Andorra,34,2020,,
6,Andorra,35,2021,,
6,Andorra,36,2022,,
7,Angola,37,2017,111.26,36676.3
7,Angola,38,2018,106.55,35979.39
7,Angola,39,2019,212.7,28030.78
7,Angola,40,2020,98.2,23139.97
7,Angola,41,2021,149.68,22847.33
7,Angola,42,2022,267.89,33882.04
8,Antigua and Barbuda,43,2017,,345.34
8,Antigua and Barbuda,44,2018,,369.05
8,Antigua and Barbuda,45,2019,,341.75
8,Antigua and Barbuda,46,2020,,366.71
8,Antigua and Barbuda,47,2021,5.51,371.64
8,Antigua and Barbuda,48,2022,6.44,514.47
9,Argentina,49,2017,632.8,122115.36
9,Argentina,50,2018,309.87,87648.88
9,Argentina,51,2019,215.38,76474.58
9,Argentina,52,2020,290.08,76860.1
9,Argentina,53,2021,336.97,86683.23
9,Argentina,54,2022,481.09,104367.95
10,Australia,55,2017,2073.95,359815.36
10,Australia,56,2018,1929.15,365156.58
10,Australia,57,2019,2159.18,359436.67
10,Australia,58,2020,1509.89,418379.48
10,Australia,59,2021,2046.24,517439.49
10,Australia,60,2022,2021.97,453090.17
11,Austria,61,2017,,134748.47
11,Austria,62,2018,,143636.41
11,Austria,63,2019,,138413.1
11,Austria,64,2020,,163823.12
11,Austria,65,2021,,179691.18
11,Austria,66,2022,,
12,Bahamas,67,2017,,2646.63
12,Bahamas,68,2018,,2503.71
12,Bahamas,69,2019,28.11,2754.92
12,Bahamas,70,2020,26.84,3032.65
12,Bahamas,71,2021,25.51,3250.94
12,Bahamas,72,2022,29.45,3446.7
13,Bahrain,73,2017,,9406.6
13,Bahrain,74,2018,13.3,9761.52
13,Bahrain,75,2019,13.3,9537.39
13,Bahrain,76,2020,13.3,8901.6
13,Bahrain,77,2021,,9611.7
13,Bahrain,78,2022,,9492.02
14,Barbados,79,2017,,2123.77
14,Barbados,80,2018,70.23,1652.03
14,Barbados,81,2019,33.09,1333.09
14,Barbados,82,2020,35.9,1750.74
14,Barbados,83,2021,33.24,2000.85
14,Barbados,84,2022,,1878.26
16,Bangladesh,85,2017,,28450.65
16,Bangladesh,86,2018,,32739.36
16,Bangladesh,87,2019,,46356.86
16,Bangladesh,88,2020,,42488.4
16,Bangladesh,89,2021,,45216.03
16,Bangladesh,90,2022,,48299.94
17,Bermuda,91,2017,,
17,Bermuda,92,2018,,
17,Bermuda,93,2019,,
17,Bermuda,94,2020,,
17,Bermuda,95,2021,,
17,Bermuda,96,2022,,
18,Bhutan,97,2017,,809.44
18,Bhutan,98,2018,,823.68
18,Bhutan,99,2019,,624.76
18,Bhutan,100,2020,,802.18
18,Bhutan,101,2021,,961.49
18,Bhutan,102,2022,,989.68
19,Bolivia (Plurinational State of),103,2017,,7338.78
19,Bolivia (Plurinational State of),104,2018,,4850.22
19,Bolivia (Plurinational State of),105,2019,,
19,Bolivia (Plurinational State of),106,2020,,
19,Bolivia (Plurinational State of),107,2021,,
19,Bolivia (Plurinational State of),108,2022,,
20,Botswana,109,2017,,5643.24
20,Botswana,110,2018,,6112.82
20,Botswana,111,2019,,6080.42
20,Botswana,112,2020,154.15,5742.63
20,Botswana,113,2021,,6050.94
20,Botswana,114,2022,,6177.88
21,Brazil,115,2017,6303.61,742502.1
21,Brazil,116,2018,5275.11,676587.28
21,Brazil,117,2019,4964.77,649715.01
21,Brazil,118,2020,3468.61,564010.66
21,Brazil,119,2021,3731.41,525836.47
21,Brazil,120,2022,5449.52,651377.52
22,Aruba,121,2017,,
22,Aruba,122,2018,,
22,Aruba,123,2019,,
22,Aruba,124,2020,,
22,Aruba,125,2021,,
22,Aruba,126,2022,,
23,Belize,127,2017,,569.38
23,Belize,128,2018,,606.6
23,Belize,129,2019,,659.58
23,Belize,130,2020,,612.41
23,Belize,131,2021,,600.7
23,Belize,132,2022,,697.38
24,Chagos Archipelago,133,2017,,
24,Chagos Archipelago,134,2018,,
24,Chagos Archipelago,135,2019,,
24,Chagos Archipelago,136,2020,,
24,Chagos Archipelago,137,2021,,
24,Chagos Archipelago,138,2022,,
25,Solomon Islands,139,2017,,597.01
25,Solomon Islands,140,2018,,565.07
25,Solomon Islands,141,2019,,581.48
25,Solomon Islands,142,2020,,620.36
25,Solomon Islands,143,2021,7.04,388.93
25,Solomon Islands,144,2022,7.28,423.73
26,Brunei Darussalam,145,2017,24.65,4402.44
26,Brunei Darussalam,146,2018,21.57,4447.51
26,Brunei Darussalam,147,2019,20.72,4305.07
26,Brunei Darussalam,148,2020,22.1,3835.88
26,Brunei Darussalam,149,2021,23.65,4301.33
26,Brunei Darussalam,150,2022,,
27,Bulgaria,151,2017,,13771.19
27,Bulgaria,152,2018,,16619.52
27,Bulgaria,153,2019,,18278.5
27,Bulgaria,154,2020,,20154.73
27,Bulgaria,155,2021,,24771.13
27,Bulgaria,156,2022,,26756.39
28,Myanmar,157,2017,,
28,Myanmar,158,2018,,
28,Myanmar,159,2019,,
28,Myanmar,160,2020,,
28,Myanmar,161,2021,,
28,Myanmar,162,2022,,
29,Burundi,163,2017,20.39,662.36
29,Burundi,164,2018,22.41,736.14
29,Burundi,165,2019,24.33,820.61
29,Burundi,166,2020,,896.75
29,Burundi,167,2021,,858.61
29,Burundi,168,2022,,1108.76
32,Cameroon,169,2017,,6599.42
32,Cameroon,170,2018,,7062.79
32,Cameroon,171,2019,,7415.75
32,Cameroon,172,2020,230.25,7212.3
32,Cameroon,173,2021,298.14,9279.61
32,Cameroon,174,2022,,
33,Canada,175,2017,,238601.26
33,Canada,176,2018,,252769.62
33,Canada,177,2019,,263825.56
33,Canada,178,2020,,442784.79
33,Canada,179,2021,,368135.82
33,Canada,180,2022,,
35,Cabo Verde,181,2017,10.77,560.47
35,Cabo Verde,182,2018,15.47,600.95
35,Cabo Verde,183,2019,12.72,647.25
35,Cabo Verde,184,2020,11.71,678.74
35,Cabo Verde,185,2021,8.36,639.13
35,Cabo Verde,186,2022,14.86,594.87
36,Cayman Islands,187,2017,,
36,Cayman Islands,188,2018,,
36,Cayman Islands,189,2019,,
36,Cayman Islands,190,2020,,
36,Cayman Islands,191,2021,,
36,Cayman Islands,192,2022,,
37,Central African Republic,193,2017,10.48,253.83
37,Central African Republic,194,2018,17.62,366.22
37,Central African Republic,195,2019,16.44,330.1
37,Central African Republic,196,2020,17.64,504.55
37,Central African Republic,197,2021,28.33,523.71
37,Central African Republic,198,2022,,
38,Sri Lanka,199,2017,,16957.3
38,Sri Lanka,200,2018,,16709.36
38,Sri Lanka,201,2019,,16405.45
38,Sri Lanka,202,2020,,16385.33
38,Sri Lanka,203,2021,,17951.35
38,Sri Lanka,204,2022,,14416.15
39,Chad,205,2017,33.27,1121.4
39,Chad,206,2018,42.37,1205.27
39,Chad,207,2019,39.05,1298.41
39,Chad,208,2020,53.69,1271.1
39,Chad,209,2021,,1800.36
39,Chad,210,2022,,
40,Chile,211,2017,918.94,65723.08
40,Chile,212,2018,892.38,70460.5
40,Chile,213,2019,864.92,68505.88
40,Chile,214,2020,747.24,69119.66
40,Chile,215,2021,946.22,100638.07
40,Chile,216,2022,1002.7,75220.18
41,"China, mainland",217,2017,,1453438.9
41,"China, mainland",218,2018,,1607559.07
41,"China, mainland",219,2019,,1641108.8
41,"China, mainland",220,2020,,1763796.35
41,"China, mainland",221,2021,,1879130.3
41,"China, mainland",222,2022,,
42,Christmas Island,223,2017,,
42,Christmas Island,224,2018,,
42,Christmas Island,225,2019,,
42,Christmas Island,226,2020,,
42,Christmas Island,227,2021,,
42,Christmas Island,228,2022,,
43,Cocos (Keeling) Islands,229,2017,,
43,Cocos (Keeling) Islands,230,2018,,
43,Cocos (Keeling) Islands,231,2019,,
43,Cocos (Keeling) Islands,232,2020,,
43,Cocos (Keeling) Islands,233,2021,,
43,Cocos (Keeling) Islands,234,2022,,
44,Colombia,235,2017,,43156.18
44,Colombia,236,2018,,
44,Colombia,237,2019,,
44,Colombia,238,2020,,
44,Colombia,239,2021,,
44,Colombia,240,2022,,
45,Comoros,241,2017,,178.56
45,Comoros,242,2018,,225.9
45,Comoros,243,2019,,239.76
45,Comoros,244,2020,,228.52
45,Comoros,245,2021,,276.11
45,Comoros,246,2022,,265.18
46,Congo,247,2017,,2604.48
46,Congo,248,2018,,2769.32
46,Congo,249,2019,,
46,Congo,250,2020,,
46,Congo,251,2021,,
46,Congo,252,2022,,
47,Cook Islands,253,2017,,
47,Cook Islands,254,2018,,143.43
47,Cook Islands,255,2019,,133.05
47,Cook Islands,256,2020,,164.48
47,Cook Islands,257,2021,,207.12
47,Cook Islands,258,2022,,143.37
48,Costa Rica,259,2017,,13013.54
48,Costa Rica,260,2018,,13337.69
48,Costa Rica,261,2019,,14354.56
48,Costa Rica,262,2020,,14461.26
48,Costa Rica,263,2021,,13872.77
48,Costa Rica,264,2022,,13413.11
49,Cuba,265,2017,2715.89,63905.7
49,Cuba,266,2018,3278.27,65497.5
49,Cuba,267,2019,2921.23,66243.7
49,Cuba,268,2020,,
49,Cuba,269,2021,,
49,Cuba,270,2022,,
50,Cyprus,271,2017,,6433.08
50,Cyprus,272,2018,,9003.72
50,Cyprus,273,2019,,7766.58
50,Cyprus,274,2020,,8644.25
50,Cyprus,275,2021,,9533.95
50,Cyprus,276,2022,,
51,Czechoslovakia,277,2017,,
51,Czechoslovakia,278,2018,,
51,Czechoslovakia,279,2019,,
51,Czechoslovakia,280,2020,,
51,Czechoslovakia,281,2021,,
51,Czechoslovakia,282,2022,,
52,Azerbaijan,283,2017,272.96,9429.25
52,Azerbaijan,284,2018,466.7,12667.93
52,Azerbaijan,285,2019,484.53,15952.85
52,Azerbaijan,286,2020,507.18,14870.76
52,Azerbaijan,287,2021,278.82,21918.35
52,Azerbaijan,288,2022,,
53,Benin,289,2017,94.3,2324.54
53,Benin,290,2018,92.01,2370
53,Benin,291,2019,,2083.87
53,Benin,292,2020,,2892.79
53,Benin,293,2021,,3412.88
53,Benin,294,2022,,3594.21
54,Denmark,295,2017,456.77,123654.27
54,Denmark,296,2018,479.79,132443.59
54,Denmark,297,2019,522.53,125474.48
54,Denmark,298,2020,546.42,141911.29
54,Denmark,299,2021,1134.37,151781.44
54,Denmark,300,2022,972.08,130251.15
55,Dominica,301,2017,,229.24
55,Dominica,302,2018,,272.53
55,Dominica,303,2019,,341.8
55,Dominica,304,2020,,
55,Dominica,305,2021,,
55,Dominica,306,2022,,
56,Dominican Republic,307,2017,371.84,15794.18
56,Dominican Republic,308,2018,353.17,16188.07
56,Dominican Republic,309,2019,467.7,18150.96
56,Dominican Republic,310,2020,425.34,20152.18
56,Dominican Republic,311,2021,577.14,19827.11
56,Dominican Republic,312,2022,903.29,21225.17
57,Belarus,313,2017,,10465.13
57,Belarus,314,2018,,11234.07
57,Belarus,315,2019,,11766.95
57,Belarus,316,2020,,12094.58
57,Belarus,317,2021,555.29,11394.8
57,Belarus,318,2022,,
58,Ecuador,319,2017,248.78,24368.38
58,Ecuador,320,2018,171.21,24053.41
58,Ecuador,321,2019,143.41,29899.58
58,Ecuador,322,2020,180.02,26866.97
58,Ecuador,323,2021,161.08,26130.27
58,Ecuador,324,2022,,30070.52
59,Egypt,325,2017,302.83,54817.5
59,Egypt,326,2018,332.58,67941.59
59,Egypt,327,2019,347.87,84911.78
59,Egypt,328,2020,389.61,99913.81
59,Egypt,329,2021,471.54,109506.54
59,Egypt,330,2022,411,95912.36
60,El Salvador,331,2017,,5200
60,El Salvador,332,2018,86.5,5369.5
60,El Salvador,333,2019,65,8238.2
60,El Salvador,334,2020,85.2,7342.4
60,El Salvador,335,2021,94.5,7407.9
60,El Salvador,336,2022,137,8397.6
61,Equatorial Guinea,337,2017,,2398.38
61,Equatorial Guinea,338,2018,18.32,2076.19
61,Equatorial Guinea,339,2019,18.8,1954.96
61,Equatorial Guinea,340,2020,21.45,1866.36
61,Equatorial Guinea,341,2021,17.22,1659.5
61,Equatorial Guinea,342,2022,13.26,1744.52
62,Ethiopia PDR,343,2017,,
62,Ethiopia PDR,344,2018,,
62,Ethiopia PDR,345,2019,,
62,Ethiopia PDR,346,2020,,
62,Ethiopia PDR,347,2021,,
62,Ethiopia PDR,348,2022,,
63,Estonia,349,2017,,9029.09
63,Estonia,350,2018,,10445.66
63,Estonia,351,2019,,10522.28
63,Estonia,352,2020,,12005.97
63,Estonia,353,2021,,13537.65
63,Estonia,354,2022,,
64,Faroe Islands,355,2017,,
64,Faroe Islands,356,2018,,
64,Faroe Islands,357,2019,,
64,Faroe Islands,358,2020,,
64,Faroe Islands,359,2021,,
64,Faroe Islands,360,2022,,
65,Falkland Islands (Malvinas),361,2017,,
65,Falkland Islands (Malvinas),362,2018,,
65,Falkland Islands (Malvinas),363,2019,,
65,Falkland Islands (Malvinas),364,2020,,
65,Falkland Islands (Malvinas),365,2021,,
65,Falkland Islands (Malvinas),366,2022,,
66,Fiji,367,2017,18.09,586.34
66,Fiji,368,2018,19.93,655.46
66,Fiji,369,2019,21.38,630.62
66,Fiji,370,2020,16.97,593.78
66,Fiji,371,2021,13.04,596.44
66,Fiji,372,2022,14.08,605.98
67,Finland,373,2017,,51217.49
67,Finland,374,2018,,53291.75
67,Finland,375,2019,,51429.78
67,Finland,376,2020,,61800.8
67,Finland,377,2021,,62899.31
67,Finland,378,2022,,74719.07
68,France,379,2017,,607570.78
68,France,380,2018,,631733.9
68,France,381,2019,,611553.25
68,France,382,2020,,672696.87
68,France,383,2021,,725185.74
68,France,384,2022,,
69,French Guiana,385,2017,,
69,French Guiana,386,2018,,
69,French Guiana,387,2019,,
69,French Guiana,388,2020,,
69,French Guiana,389,2021,,
69,French Guiana,390,2022,,
70,French Polynesia,391,2017,,
70,French Polynesia,392,2018,,
70,French Polynesia,393,2019,,
70,French Polynesia,394,2020,,
70,French Polynesia,395,2021,,
70,French Polynesia,396,2022,,
72,Djibouti,397,2017,,659.31
72,Djibouti,398,2018,,755.12
72,Djibouti,399,2019,,753.81
72,Djibouti,400,2020,,811.05
72,Djibouti,401,2021,,791.53
72,Djibouti,402,2022,,746.68
73,Georgia,403,2017,,4824.59
73,Georgia,404,2018,,5006.45
73,Georgia,405,2019,,5101.3
73,Georgia,406,2020,,5397.98
73,Georgia,407,2021,,5196.39
73,Georgia,408,2022,233.38,6396.88
74,Gabon,409,2017,,2602
74,Gabon,410,2018,19.76,3544.99
74,Gabon,411,2019,13.16,3446.12
74,Gabon,412,2020,15.05,3564.55
74,Gabon,413,2021,20.42,3685.18
74,Gabon,414,2022,,
75,Gambia,415,2017,4.76,239.68
75,Gambia,416,2018,2.14,275.61
75,Gambia,417,2019,2.48,312.32
75,Gambia,418,2020,9.42,380.88
75,Gambia,419,2021,6.49,400.12
75,Gambia,420,2022,7.25,428.08
79,Germany,421,2017,,468629.03
79,Germany,422,2018,,497375.53
79,Germany,423,2019,,487411.37
79,Germany,424,2020,,580609.12
79,Germany,425,2021,,728238.05
79,Germany,426,2022,,659472.76
80,Bosnia and Herzegovina,427,2017,,3365.53
80,Bosnia and Herzegovina,428,2018,,3673.27
80,Bosnia and Herzegovina,429,2019,,3536.83
80,Bosnia and Herzegovina,430,2020,,3787.94
80,Bosnia and Herzegovina,431,2021,,3983.92
80,Bosnia and Herzegovina,432,2022,,3812.77
81,Ghana,433,2017,64.9,9115.6
81,Ghana,434,2018,159.3,13808.2
81,Ghana,435,2019,126.33,15550.93
81,Ghana,436,2020,183.4,17277.71
81,Ghana,437,2021,216.91,18536.56
81,Ghana,438,2022,95,23875.52
82,Gibraltar,439,2017,,
82,Gibraltar,440,2018,,
82,Gibraltar,441,2019,,
82,Gibraltar,442,2020,,
82,Gibraltar,443,2021,,
82,Gibraltar,444,2022,,
83,Kiribati,445,2017,,164.18
83,Kiribati,446,2018,,162.6
83,Kiribati,447,2019,,183.89
83,Kiribati,448,2020,,178.08
83,Kiribati,449,2021,,248.12
83,Kiribati,450,2022,,
84,Greece,451,2017,,73657.47
84,Greece,452,2018,,78451.99
84,Greece,453,2019,,71651.97
84,Greece,454,2020,,85945.69
84,Greece,455,2021,,94024.31
84,Greece,456,2022,,
85,Greenland,457,2017,,
85,Greenland,458,2018,,
85,Greenland,459,2019,,
85,Greenland,460,2020,,
85,Greenland,461,2021,,
85,Greenland,462,2022,,
86,Grenada,463,2017,2.68,262.33
86,Grenada,464,2018,2.71,264.26
86,Grenada,465,2019,2.55,264.89
86,Grenada,466,2020,2.89,274.89
86,Grenada,467,2021,3.91,318.63
86,Grenada,468,2022,3.81,392.74
87,Guadeloupe,469,2017,,
87,Guadeloupe,470,2018,,
87,Guadeloupe,471,2019,,
87,Guadeloupe,472,2020,,
87,Guadeloupe,473,2021,,
87,Guadeloupe,474,2022,,
88,Guam,475,2017,,
88,Guam,476,2018,,
88,Guam,477,2019,,
88,Guam,478,2020,,
88,Guam,479,2021,,
88,Guam,480,2022,,
89,Guatemala,481,2017,165.86,9544.37
89,Guatemala,482,2018,167.92,10209.96
89,Guatemala,483,2019,141.6,11014.63
89,Guatemala,484,2020,95.35,12239.49
89,Guatemala,485,2021,106.15,12316.49
89,Guatemala,486,2022,154.18,14172.54
90,Guinea,487,2017,21.54,1806.82
90,Guinea,488,2018,43.61,1903.96
90,Guinea,489,2019,34.89,2014.08
90,Guinea,490,2020,52.82,2260.22
90,Guinea,491,2021,,
90,Guinea,492,2022,,
91,Guyana,493,2017,96.38,1162.32
91,Guyana,494,2018,113.99,1256.35
91,Guyana,495,2019,74.43,1053.2
91,Guyana,496,2020,105.16,1616.47
91,Guyana,497,2021,,
91,Guyana,498,2022,,
93,Haiti,499,2017,99.6,1301.1
93,Haiti,500,2018,,1500.21
93,Haiti,501,2019,29.48,1119.59
93,Haiti,502,2020,,1890.2
93,Haiti,503,2021,,1685.56
93,Haiti,504,2022,,1454.3
94,Holy See,505,2017,,
94,Holy See,506,2018,,
94,Holy See,507,2019,,
94,Holy See,508,2020,,
94,Holy See,509,2021,,
94,Holy See,510,2022,,
95,Honduras,511,2017,,5039.16
95,Honduras,512,2018,,5141.38
95,Honduras,513,2019,,5285.59
95,Honduras,514,2020,,5634.57
95,Honduras,515,2021,165.18,7394.19
95,Honduras,516,2022,185.73,7411.49
96,"China, Hong Kong SAR",517,2017,,
96,"China, Hong Kong SAR",518,2018,,
96,"China, Hong Kong SAR",519,2019,,
96,"China, Hong Kong SAR",520,2020,,
96,"China, Hong Kong SAR",521,2021,,
96,"China, Hong Kong SAR",522,2022,,
97,Hungary,523,2017,,48637.94
97,Hungary,524,2018,,53684.83
97,Hungary,525,2019,,54186.42
97,Hungary,526,2020,,60879.57
97,Hungary,527,2021,,70282.71
97,Hungary,528,2022,,
98,Croatia,529,2017,,16019.56
98,Croatia,530,2018,,17564.32
98,Croatia,531,2019,,17639.62
98,Croatia,532,2020,,19984.11
98,Croatia,533,2021,,21943.27
98,Croatia,534,2022,,
99,Iceland,535,2017,,7533.25
99,Iceland,536,2018,,7873.96
99,Iceland,537,2019,139.27,7889.69
99,Iceland,538,2020,126.74,8147.08
99,Iceland,539,2021,150.27,9421.14
99,Iceland,540,2022,156.78,9859.43
100,India,541,2017,,417076.72
100,India,542,2018,,440295.34
100,India,543,2019,,
100,India,544,2020,,
100,India,545,2021,,
100,India,546,2022,,
101,Indonesia,547,2017,,149970.58
101,Indonesia,548,2018,3106.86,155391.81
101,Indonesia,549,2019,3006.29,163131.2
101,Indonesia,550,2020,2682.32,177933.08
101,Indonesia,551,2021,2403.74,194559.71
101,Indonesia,552,2022,2418.55,208339.84
102,Iran (Islamic Republic of),553,2017,,92980.36
102,Iran (Islamic Republic of),554,2018,,85357.77
102,Iran (Islamic Republic of),555,2019,,79040.01
102,Iran (Islamic Republic of),556,2020,,65580.02
102,Iran (Islamic Republic of),557,2021,,70091.05
102,Iran (Islamic Republic of),558,2022,,
103,Iraq,559,2017,,
103,Iraq,560,2018,,
103,Iraq,561,2019,,
103,Iraq,562,2020,,
103,Iraq,563,2021,,
103,Iraq,564,2022,,
104,Ireland,565,2017,,74224.01
104,Ireland,566,2018,,82747.04
104,Ireland,567,2019,,81352.64
104,Ireland,568,2020,,97351.11
104,Ireland,569,2021,,106803.14
104,Ireland,570,2022,,
105,Israel,571,2017,320.53,118013.73
105,Israel,572,2018,356.28,127306.08
105,Israel,573,2019,361.31,133077.04
105,Israel,574,2020,413.04,157678.05
105,Israel,575,2021,403.39,171872.3
105,Israel,576,2022,465.46,167454.44
106,Italy,577,2017,,597474.82
106,Italy,578,2018,,623164.89
106,Italy,579,2019,,589966.43
106,Italy,580,2020,,707223.84
106,Italy,581,2021,,760002.9
106,Italy,582,2022,,
107,C??te d'Ivoire,583,2017,159.44,8564.91
107,C??te d'Ivoire,584,2018,159.64,9383.56
107,C??te d'Ivoire,585,2019,,9265.65
107,C??te d'Ivoire,586,2020,,11659.67
107,C??te d'Ivoire,587,2021,,13518.19
107,C??te d'Ivoire,588,2022,,
108,Kazakhstan,589,2017,,32345.12
108,Kazakhstan,590,2018,,26697.72
108,Kazakhstan,591,2019,,29780.05
108,Kazakhstan,592,2020,,30261.88
108,Kazakhstan,593,2021,,34956.82
108,Kazakhstan,594,2022,,
109,Jamaica,595,2017,,4389.95
109,Jamaica,596,2018,,4691.48
109,Jamaica,597,2019,,4728.41
109,Jamaica,598,2020,,4636.32
109,Jamaica,599,2021,,5436.49
109,Jamaica,600,2022,,5944.22
110,Japan,601,2017,,807336.32
110,Japan,602,2018,,819572.49
110,Japan,603,2019,,851341.94
110,Japan,604,2020,,1206475.33
110,Japan,605,2021,,1099522.06
110,Japan,606,2022,,
112,Jordan,607,2017,,11511.56
112,Jordan,608,2018,,12066.21
112,Jordan,609,2019,,12412.11
112,Jordan,610,2020,,12973.24
112,Jordan,611,2021,,13885.92
112,Jordan,612,2022,,
113,Kyrgyzstan,613,2017,2.13,2208.47
113,Kyrgyzstan,614,2018,2.56,2062.17
113,Kyrgyzstan,615,2019,6.7,2139.81
113,Kyrgyzstan,616,2020,2.34,1996.88
113,Kyrgyzstan,617,2021,2.98,2256.42
113,Kyrgyzstan,618,2022,3.77,3373.7
114,Kenya,619,2017,351.95,22076.93
114,Kenya,620,2018,411.39,25429.66
114,Kenya,621,2019,426.37,28873.03
114,Kenya,622,2020,410.41,24384.56
114,Kenya,623,2021,518.45,24915.36
114,Kenya,624,2022,463.9,25364.8
115,Cambodia,625,2017,,4760.61
115,Cambodia,626,2018,,5327.83
115,Cambodia,627,2019,,6126.53
115,Cambodia,628,2020,,6864.12
115,Cambodia,629,2021,,6578.69
115,Cambodia,630,2022,,8079.91
116,Democratic People's Republic of Korea,631,2017,,
116,Democratic People's Republic of Korea,632,2018,,
116,Democratic People's Republic of Korea,633,2019,,
116,Democratic People's Republic of Korea,634,2020,,
116,Democratic People's Republic of Korea,635,2021,,
116,Democratic People's Republic of Korea,636,2022,,
117,Republic of Korea,637,2017,,333372.57
117,Republic of Korea,638,2018,,367533.72
117,Republic of Korea,639,2019,8107.78,387897.38
117,Republic of Korea,640,2020,6145.54,435039.97
117,Republic of Korea,641,2021,7382.13,493932.99
117,Republic of Korea,642,2022,,
118,Kuwait,643,2017,,58601.33
118,Kuwait,644,2018,,63869.13
118,Kuwait,645,2019,,72559.26
118,Kuwait,646,2020,,70496.95
118,Kuwait,647,2021,,70914.6
118,Kuwait,648,2022,,70213.84
119,Latvia,649,2017,,6649.2
119,Latvia,650,2018,,7826.23
119,Latvia,651,2019,,7682.21
119,Latvia,652,2020,,8890.57
119,Latvia,653,2021,,11074.85
119,Latvia,654,2022,,
120,Lao People's Democratic Republic,655,2017,,
120,Lao People's Democratic Republic,656,2018,,
120,Lao People's Democratic Republic,657,2019,,2494.48
120,Lao People's Democratic Republic,658,2020,,
120,Lao People's Democratic Republic,659,2021,,
120,Lao People's Democratic Republic,660,2022,,
121,Lebanon,661,2017,35.62,14887.07
121,Lebanon,662,2018,34.32,17326.89
121,Lebanon,663,2019,29.1,16059.57
121,Lebanon,664,2020,16.44,7405.73
121,Lebanon,665,2021,5.98,3047.39
121,Lebanon,666,2022,,
122,Lesotho,667,2017,20.37,1188.13
122,Lesotho,668,2018,19.88,1324.78
122,Lesotho,669,2019,16.29,1258.57
122,Lesotho,670,2020,17.27,956.02
122,Lesotho,671,2021,25.78,1354.75
122,Lesotho,672,2022,,
123,Liberia,673,2017,,545.7
123,Liberia,674,2018,,501.79
123,Liberia,675,2019,,518
123,Liberia,676,2020,,518.48
123,Liberia,677,2021,,638.63
123,Liberia,678,2022,,808.11
124,Libya,679,2017,,
124,Libya,680,2018,,
124,Libya,681,2019,,
124,Libya,682,2020,,
124,Libya,683,2021,,
124,Libya,684,2022,,
125,Liechtenstein,685,2017,,
125,Liechtenstein,686,2018,,
125,Liechtenstein,687,2019,,
125,Liechtenstein,688,2020,,
125,Liechtenstein,689,2021,,
125,Liechtenstein,690,2022,,
126,Lithuania,691,2017,,10437.05
126,Lithuania,692,2018,,16263.24
126,Lithuania,693,2019,,14128.26
126,Lithuania,694,2020,,18702.36
126,Lithuania,695,2021,,19240.62
126,Lithuania,696,2022,,19826.41
127,Marshall Islands,697,2017,,129.87
127,Marshall Islands,698,2018,,135.81
127,Marshall Islands,699,2019,,152.03
127,Marshall Islands,700,2020,,
127,Marshall Islands,701,2021,,
127,Marshall Islands,702,2022,,
128,"China, Macao SAR",703,2017,,9581.16
128,"China, Macao SAR",704,2018,,10177.28
128,"China, Macao SAR",705,2019,,10158.39
128,"China, Macao SAR",706,2020,,12341.52
128,"China, Macao SAR",707,2021,,11313.08
128,"China, Macao SAR",708,2022,,
129,Madagascar,709,2017,75.41,2012.12
129,Madagascar,710,2018,87.46,2087.41
129,Madagascar,711,2019,,2218.14
129,Madagascar,712,2020,,2422.27
129,Madagascar,713,2021,,2305.98
129,Madagascar,714,2022,,
130,Malawi,715,2017,,1559.5
130,Malawi,716,2018,,1784.54
130,Malawi,717,2019,,1996.13
130,Malawi,718,2020,,
130,Malawi,719,2021,,
130,Malawi,720,2022,,
131,Malaysia,721,2017,,60452.41
131,Malaysia,722,2018,,70720.31
131,Malaysia,723,2019,,76138.64
131,Malaysia,724,2020,,74212.27
131,Malaysia,725,2021,,80250.81
131,Malaysia,726,2022,,82448.01
132,Maldives,727,2017,,1621.57
132,Maldives,728,2018,,1830.01
132,Maldives,729,2019,,2496.28
132,Maldives,730,2020,,1960.6
132,Maldives,731,2021,,2416.3
132,Maldives,732,2022,,2784.7
133,Mali,733,2017,,3209.3
133,Mali,734,2018,,3154.93
133,Mali,735,2019,,3294.76
133,Mali,736,2020,,3875.96
133,Mali,737,2021,,5075.89
133,Mali,738,2022,,4406
134,Malta,739,2017,,4633.56
134,Malta,740,2018,,5456.61
134,Malta,741,2019,,5647.86
134,Malta,742,2020,,6854.06
134,Malta,743,2021,,7708.44
134,Malta,744,2022,,
135,Martinique,745,2017,,
135,Martinique,746,2018,,
135,Martinique,747,2019,,
135,Martinique,748,2020,,
135,Martinique,749,2021,,
135,Martinique,750,2022,,
136,Mauritania,751,2017,,1375.91
136,Mauritania,752,2018,,1413.61
136,Mauritania,753,2019,30.97,1425.42
136,Mauritania,754,2020,44.34,1503.39
136,Mauritania,755,2021,77.61,1916.35
136,Mauritania,756,2022,98.78,2794.81
137,Mauritius,757,2017,57.23,3641.93
137,Mauritius,758,2018,61.64,3522.54
137,Mauritius,759,2019,67.75,3579.99
137,Mauritius,760,2020,76.91,3775.69
137,Mauritius,761,2021,63.11,3901.43
137,Mauritius,762,2022,46.63,3846.78
138,Mexico,763,2017,3400.75,218346.01
138,Mexico,764,2018,3764.2,231938.39
138,Mexico,765,2019,2860.17,235999.48
138,Mexico,766,2020,1962.1,223937.94
138,Mexico,767,2021,2267.64,256053.79
138,Mexico,768,2022,2892.92,312049.58
140,Monaco,769,2017,,
140,Monaco,770,2018,,
140,Monaco,771,2019,,
140,Monaco,772,2020,,
140,Monaco,773,2021,,
140,Monaco,774,2022,,
141,Mongolia,775,2017,,2909.26
141,Mongolia,776,2018,,2851.47
141,Mongolia,777,2019,,3302.24
141,Mongolia,778,2020,,4223.85
141,Mongolia,779,2021,,4684.65
141,Mongolia,780,2022,,3643.17
142,Montserrat,781,2017,,
142,Montserrat,782,2018,,
142,Montserrat,783,2019,,
142,Montserrat,784,2020,,
142,Montserrat,785,2021,,
142,Montserrat,786,2022,,
143,Morocco,787,2017,,29677.97
143,Morocco,788,2018,,35277.31
143,Morocco,789,2019,,35591.87
143,Morocco,790,2020,,41561.34
143,Morocco,791,2021,,36876.07
143,Morocco,792,2022,,35292
144,Mozambique,793,2017,,3194.11
144,Mozambique,794,2018,,3965.72
144,Mozambique,795,2019,,4282.35
144,Mozambique,796,2020,,4397.24
144,Mozambique,797,2021,42.47,4821.88
144,Mozambique,798,2022,,
145,Micronesia (Federated States of),799,2017,,81.27
145,Micronesia (Federated States of),800,2018,,86.44
145,Micronesia (Federated States of),801,2019,,93.4
145,Micronesia (Federated States of),802,2020,,87.36
145,Micronesia (Federated States of),803,2021,,
145,Micronesia (Federated States of),804,2022,,
146,Republic of Moldova,805,2017,84.84,1917.89
146,Republic of Moldova,806,2018,81.2,2303.78
146,Republic of Moldova,807,2019,81.91,2451.08
146,Republic of Moldova,808,2020,98.02,2486.68
146,Republic of Moldova,809,2021,110.64,3061.17
146,Republic of Moldova,810,2022,130.81,3628.98
147,Namibia,811,2017,63.25,5311.89
147,Namibia,812,2018,60.45,5155.57
147,Namibia,813,2019,69.86,4717.86
147,Namibia,814,2020,70.87,4585.79
147,Namibia,815,2021,66.85,4993.77
147,Namibia,816,2022,106.91,4512.22
148,Nauru,817,2017,,115.47
148,Nauru,818,2018,,115.77
148,Nauru,819,2019,,133.88
148,Nauru,820,2020,0.17,192.59
148,Nauru,821,2021,0.24,229.13
148,Nauru,822,2022,0.3,175.34
149,Nepal,823,2017,,6959.63
149,Nepal,824,2018,,9983.2
149,Nepal,825,2019,,9861.13
149,Nepal,826,2020,,9219.94
149,Nepal,827,2021,,10129.8
149,Nepal,828,2022,,9349.31
150,Netherlands (Kingdom of the),829,2017,,211422.09
150,Netherlands (Kingdom of the),830,2018,,233087.35
150,Netherlands (Kingdom of the),831,2019,,234645.22
150,Netherlands (Kingdom of the),832,2020,,283459.95
150,Netherlands (Kingdom of the),833,2021,,316475.29
150,Netherlands (Kingdom of the),834,2022,,296208.89
151,Netherlands Antilles (former),835,2017,,
151,Netherlands Antilles (former),836,2018,,
151,Netherlands Antilles (former),837,2019,,
151,Netherlands Antilles (former),838,2020,,
151,Netherlands Antilles (former),839,2021,,
151,Netherlands Antilles (former),840,2022,,
153,New Caledonia,841,2017,36.61,1736.07
153,New Caledonia,842,2018,31.7,
153,New Caledonia,843,2019,34.04,
153,New Caledonia,844,2020,36.55,
153,New Caledonia,845,2021,,
153,New Caledonia,846,2022,,
154,North Macedonia,847,2017,,3595.71
154,North Macedonia,848,2018,,3839.61
154,North Macedonia,849,2019,,3957.34
154,North Macedonia,850,2020,,4495.78
154,North Macedonia,851,2021,,4930.81
154,North Macedonia,852,2022,,4756.28
155,Vanuatu,853,2017,,316.16
155,Vanuatu,854,2018,,293.38
155,Vanuatu,855,2019,,343.16
155,Vanuatu,856,2020,,368.43
155,Vanuatu,857,2021,,
155,Vanuatu,858,2022,,
156,New Zealand,859,2017,,63725.64
156,New Zealand,860,2018,,65466.5
156,New Zealand,861,2019,,66796.67
156,New Zealand,862,2020,,79604.64
156,New Zealand,863,2021,,86826.28
156,New Zealand,864,2022,,91771.2
157,Nicaragua,865,2017,,2677.92
157,Nicaragua,866,2018,10.13,2560.15
157,Nicaragua,867,2019,10.33,2439.93
157,Nicaragua,868,2020,12.47,2560.24
157,Nicaragua,869,2021,10.13,3121.07
157,Nicaragua,870,2022,8.51,3211.25
158,Niger,871,2017,,2182.18
158,Niger,872,2018,,2956.41
158,Niger,873,2019,,3306.87
158,Niger,874,2020,,3382.93
158,Niger,875,2021,,4039.54
158,Niger,876,2022,,4441.45
159,Nigeria,877,2017,,21114.8
159,Nigeria,878,2018,,25528.17
159,Nigeria,879,2019,,31651.94
159,Nigeria,880,2020,,28515.67
159,Nigeria,881,2021,,29770.37
159,Nigeria,882,2022,,
160,Niue,883,2017,,27.43
160,Niue,884,2018,,29.45
160,Niue,885,2019,,
160,Niue,886,2020,,
160,Niue,887,2021,,
160,Niue,888,2022,,
161,Norfolk Island,889,2017,,
161,Norfolk Island,890,2018,,
161,Norfolk Island,891,2019,,
161,Norfolk Island,892,2020,,
161,Norfolk Island,893,2021,,
161,Norfolk Island,894,2022,,
162,Norway,895,2017,,159737.7
162,Norway,896,2018,,168359.91
162,Norway,897,2019,,163377.61
162,Norway,898,2020,,171023.63
162,Norway,899,2021,,188887.43
162,Norway,900,2022,,178504.6
163,Northern Mariana Islands,901,2017,,
163,Northern Mariana Islands,902,2018,,
163,Northern Mariana Islands,903,2019,,
163,Northern Mariana Islands,904,2020,,
163,Northern Mariana Islands,905,2021,,
163,Northern Mariana Islands,906,2022,,
164,Pacific Islands Trust Territory,907,2017,,
164,Pacific Islands Trust Territory,908,2018,,
164,Pacific Islands Trust Territory,909,2019,,
164,Pacific Islands Trust Territory,910,2020,,
164,Pacific Islands Trust Territory,911,2021,,
164,Pacific Islands Trust Territory,912,2022,,
165,Pakistan,913,2017,,52277.42
165,Pakistan,914,2018,,54370.11
165,Pakistan,915,2019,,55622.1
165,Pakistan,916,2020,,52455.13
165,Pakistan,917,2021,,71907.83
165,Pakistan,918,2022,,
166,Panama,919,2017,181.13,11838.36
166,Panama,920,2018,237,12066.8
166,Panama,921,2019,286.02,13335.91
166,Panama,922,2020,369,14206.76
166,Panama,923,2021,,14982.53
166,Panama,924,2022,,
167,Czechia,925,2017,,56160.18
167,Czechia,926,2018,,71491.02
167,Czechia,927,2019,,68022.18
167,Czechia,928,2020,,79208.01
167,Czechia,929,2021,,89340.54
167,Czechia,930,2022,,85829.83
168,Papua New Guinea,931,2017,36.5,4177.04
168,Papua New Guinea,932,2018,22.32,4920.41
168,Papua New Guinea,933,2019,35.51,5324.75
168,Papua New Guinea,934,2020,,5606.34
168,Papua New Guinea,935,2021,,9161.87
168,Papua New Guinea,936,2022,,10166.67
169,Paraguay,937,2017,150.08,6462.26
169,Paraguay,938,2018,66.02,6634.04
169,Paraguay,939,2019,81.14,6860.74
169,Paraguay,940,2020,86.22,7745.27
169,Paraguay,941,2021,120.97,8046.26
169,Paraguay,942,2022,99.66,7813.54
170,Peru,943,2017,265.35,23984.83
170,Peru,944,2018,262.92,25490.72
170,Peru,945,2019,326.03,26716.21
170,Peru,946,2020,382.22,29604.95
170,Peru,947,2021,283.85,28830.6
170,Peru,948,2022,,
171,Philippines,949,2017,,65775.4
171,Philippines,950,2018,,68560.67
171,Philippines,951,2019,,70693.95
171,Philippines,952,2020,,82621.15
171,Philippines,953,2021,,91483.85
171,Philippines,954,2022,,92213.73
172,Pitcairn,955,2017,,
172,Pitcairn,956,2018,,
172,Pitcairn,957,2019,,
172,Pitcairn,958,2020,,
172,Pitcairn,959,2021,,
172,Pitcairn,960,2022,,
173,Poland,961,2017,2115.97,132002.12
173,Poland,962,2018,2883.67,132566.88
173,Poland,963,2019,2637.11,137258.02
173,Poland,964,2020,3226.47,180444.77
173,Poland,965,2021,2748.21,177332.41
173,Poland,966,2022,,
174,Portugal,967,2017,,75644.58
174,Portugal,968,2018,,76778.32
174,Portugal,969,2019,,74477.15
174,Portugal,970,2020,,83390.99
174,Portugal,971,2021,,87847.56
174,Portugal,972,2022,,
175,Guinea-Bissau,973,2017,5.02,199.55
175,Guinea-Bissau,974,2018,19.91,299.59
175,Guinea-Bissau,975,2019,11.51,258.34
175,Guinea-Bissau,976,2020,9.85,347.84
175,Guinea-Bissau,977,2021,9.45,418.38
175,Guinea-Bissau,978,2022,3.98,394.91
176,Timor-Leste,979,2017,,
176,Timor-Leste,980,2018,,
176,Timor-Leste,981,2019,,
176,Timor-Leste,982,2020,,
176,Timor-Leste,983,2021,,
176,Timor-Leste,984,2022,,
177,Puerto Rico,985,2017,,23724.89
177,Puerto Rico,986,2018,,21550.03
177,Puerto Rico,987,2019,,22128.37
177,Puerto Rico,988,2020,,28591.88
177,Puerto Rico,989,2021,,40168.56
177,Puerto Rico,990,2022,,
178,Eritrea,991,2017,,
178,Eritrea,992,2018,,
178,Eritrea,993,2019,,
178,Eritrea,994,2020,,
178,Eritrea,995,2021,,
178,Eritrea,996,2022,,
179,Qatar,997,2017,,
179,Qatar,998,2018,,
179,Qatar,999,2019,,
179,Qatar,1000,2020,,
179,Qatar,1001,2021,,
179,Qatar,1002,2022,,
180,Palau,1003,2017,,120.75
180,Palau,1004,2018,,117.28
180,Palau,1005,2019,,119.62
180,Palau,1006,2020,,
180,Palau,1007,2021,,
180,Palau,1008,2022,,
181,Zimbabwe,1009,2017,,
181,Zimbabwe,1010,2018,,
181,Zimbabwe,1011,2019,,
181,Zimbabwe,1012,2020,,
181,Zimbabwe,1013,2021,,
181,Zimbabwe,1014,2022,,
182,R??union,1015,2017,,
182,R??union,1016,2018,,
182,R??union,1017,2019,,
182,R??union,1018,2020,,
182,R??union,1019,2021,,
182,R??union,1020,2022,,
183,Romania,1021,2017,,50199.41
183,Romania,1022,2018,,57194.15
183,Romania,1023,2019,,61472.37
183,Romania,1024,2020,,73715.39
183,Romania,1025,2021,,80635.89
183,Romania,1026,2022,,
184,Rwanda,1027,2017,,2111.75
184,Rwanda,1028,2018,,2305.79
184,Rwanda,1029,2019,,1947.39
184,Rwanda,1030,2020,,2804.11
184,Rwanda,1031,2021,,3421.96
184,Rwanda,1032,2022,,3537.92
185,Russian Federation,1033,2017,4302.34,295711.44
185,Russian Federation,1034,2018,4312.68,286518.04
185,Russian Federation,1035,2019,4320.64,306758.63
185,Russian Federation,1036,2020,3452.61,334630.51
185,Russian Federation,1037,2021,4762.02,345866.23
185,Russian Federation,1038,2022,,481240.4
186,Serbia and Montenegro,1039,2017,,
186,Serbia and Montenegro,1040,2018,,
186,Serbia and Montenegro,1041,2019,,
186,Serbia and Montenegro,1042,2020,,
186,Serbia and Montenegro,1043,2021,,
186,Serbia and Montenegro,1044,2022,,
187,"Saint Helena, Ascension and Tristan da Cunha",1045,2017,,
187,"Saint Helena, Ascension and Tristan da Cunha",1046,2018,,
187,"Saint Helena, Ascension and Tristan da Cunha",1047,2019,,
187,"Saint Helena, Ascension and Tristan da Cunha",1048,2020,,
187,"Saint Helena, Ascension and Tristan da Cunha",1049,2021,,
187,"Saint Helena, Ascension and Tristan da Cunha",1050,2022,,
188,Saint Kitts and Nevis,1051,2017,,
188,Saint Kitts and Nevis,1052,2018,3.21,
188,Saint Kitts and Nevis,1053,2019,3.16,
188,Saint Kitts and Nevis,1054,2020,7.14,285.52
188,Saint Kitts and Nevis,1055,2021,3.94,321.45
188,Saint Kitts and Nevis,1056,2022,5.4,352.67
189,Saint Lucia,1057,2017,12.08,516.86
189,Saint Lucia,1058,2018,8.92,550.96
189,Saint Lucia,1059,2019,10.81,589.48
189,Saint Lucia,1060,2020,14.15,628.63
189,Saint Lucia,1061,2021,10.08,606.89
189,Saint Lucia,1062,2022,10.64,682.52
190,Saint Pierre and Miquelon,1063,2017,,
190,Saint Pierre and Miquelon,1064,2018,,
190,Saint Pierre and Miquelon,1065,2019,,
190,Saint Pierre and Miquelon,1066,2020,,
190,Saint Pierre and Miquelon,1067,2021,,
190,Saint Pierre and Miquelon,1068,2022,,
191,Saint Vincent and the Grenadines,1069,2017,3.99,257.4
191,Saint Vincent and the Grenadines,1070,2018,4.2,268.77
191,Saint Vincent and the Grenadines,1071,2019,4.12,290.89
191,Saint Vincent and the Grenadines,1072,2020,5.75,300.82
191,Saint Vincent and the Grenadines,1073,2021,,
191,Saint Vincent and the Grenadines,1074,2022,,
192,San Marino,1075,2017,,
192,San Marino,1076,2018,,
192,San Marino,1077,2019,,451.01
192,San Marino,1078,2020,,479.95
192,San Marino,1079,2021,,569.56
192,San Marino,1080,2022,,
193,Sao Tome and Principe,1081,2017,5.74,125.86
193,Sao Tome and Principe,1082,2018,,113.02
193,Sao Tome and Principe,1083,2019,,106.12
193,Sao Tome and Principe,1084,2020,,147.31
193,Sao Tome and Principe,1085,2021,,184.15
193,Sao Tome and Principe,1086,2022,4.96,180.25
194,Saudi Arabia,1087,2017,,247999.2
194,Saudi Arabia,1088,2018,,287857.87
194,Saudi Arabia,1089,2019,,282518.67
194,Saudi Arabia,1090,2020,,286862.4
194,Saudi Arabia,1091,2021,,
194,Saudi Arabia,1092,2022,,
195,Senegal,1093,2017,106.12,4830.19
195,Senegal,1094,2018,153.82,5431.91
195,Senegal,1095,2019,175.03,4702.27
195,Senegal,1096,2020,172.67,4979.92
195,Senegal,1097,2021,197.9,5360.92
195,Senegal,1098,2022,184.73,4477.82
196,Seychelles,1099,2017,2.65,546.44
196,Seychelles,1100,2018,3.04,602.82
196,Seychelles,1101,2019,1.98,586.49
196,Seychelles,1102,2020,3.72,647.9
196,Seychelles,1103,2021,6.87,601.47
196,Seychelles,1104,2022,8.44,710.41
197,Sierra Leone,1105,2017,,867.5
197,Sierra Leone,1106,2018,,861.24
197,Sierra Leone,1107,2019,,860.02
197,Sierra Leone,1108,2020,,1046.91
197,Sierra Leone,1109,2021,,1050.82
197,Sierra Leone,1110,2022,,978.77
198,Slovenia,1111,2017,,12841.48
198,Slovenia,1112,2018,,13873.53
198,Slovenia,1113,2019,,13869.87
198,Slovenia,1114,2020,,17577
198,Slovenia,1115,2021,,19301.64
198,Slovenia,1116,2022,,
199,Slovakia,1117,2017,,24233.92
199,Slovakia,1118,2018,,27151.33
199,Slovakia,1119,2019,,27631.99
199,Slovakia,1120,2020,,32783.31
199,Slovakia,1121,2021,,36985.47
199,Slovakia,1122,2022,,
200,Singapore,1123,2017,,54816.59
200,Singapore,1124,2018,,61366.27
200,Singapore,1125,2019,,59423.36
200,Singapore,1126,2020,,95872.21
200,Singapore,1127,2021,,77193.93
200,Singapore,1128,2022,,
201,Somalia,1129,2017,,245.57
201,Somalia,1130,2018,,268.52
201,Somalia,1131,2019,,315.51
201,Somalia,1132,2020,,485.3
201,Somalia,1133,2021,,473.85
201,Somalia,1134,2022,,731.43
202,South Africa,1135,2017,776.3,67787
202,South Africa,1136,2018,754.56,74022.47
202,South Africa,1137,2019,739.32,71568.97
202,South Africa,1138,2020,688.25,71364.57
202,South Africa,1139,2021,765.16,86830.7
202,South Africa,1140,2022,,
203,Spain,1141,2017,,243680.14
203,Spain,1142,2018,,267763.72
203,Spain,1143,2019,,259146.03
203,Spain,1144,2020,,316219.28
203,Spain,1145,2021,,359351.99
203,Spain,1146,2022,,
205,Western Sahara,1147,2017,,
205,Western Sahara,1148,2018,,
205,Western Sahara,1149,2019,,
205,Western Sahara,1150,2020,,
205,Western Sahara,1151,2021,,
205,Western Sahara,1152,2022,,
206,Sudan (former),1153,2017,,
206,Sudan (former),1154,2018,,
206,Sudan (former),1155,2019,,
206,Sudan (former),1156,2020,,
206,Sudan (former),1157,2021,,
206,Sudan (former),1158,2022,,
207,Suriname,1159,2017,1.44,1379.6
207,Suriname,1160,2018,1.54,1336.15
207,Suriname,1161,2019,2.64,1698.31
207,Suriname,1162,2020,1.43,1227.45
207,Suriname,1163,2021,2.36,1214.01
207,Suriname,1164,2022,,986.31
208,Tajikistan,1165,2017,,
208,Tajikistan,1166,2018,,
208,Tajikistan,1167,2019,,
208,Tajikistan,1168,2020,,
208,Tajikistan,1169,2021,,1704.04
208,Tajikistan,1170,2022,,
209,Eswatini,1171,2017,25.5,1518.11
209,Eswatini,1172,2018,31.9,1495.18
209,Eswatini,1173,2019,,1490.98
209,Eswatini,1174,2020,,1411.31
209,Eswatini,1175,2021,,1439.38
209,Eswatini,1176,2022,,1419.67
210,Sweden,1177,2017,571.77,158764.9
210,Sweden,1178,2018,687.72,163909.23
210,Sweden,1179,2019,670.2,155378.28
210,Sweden,1180,2020,563.39,179207.99
210,Sweden,1181,2021,708.79,198580.51
210,Sweden,1182,2022,779.49,177417.28
211,Switzerland,1183,2017,3798.45,74024.7
211,Switzerland,1184,2018,3830,74700.08
211,Switzerland,1185,2019,3786.17,74791.51
211,Switzerland,1186,2020,4013.98,97674.55
211,Switzerland,1187,2021,4124.59,101400.93
211,Switzerland,1188,2022,,
212,Syrian Arab Republic,1189,2017,,5399.8
212,Syrian Arab Republic,1190,2018,,7343.32
212,Syrian Arab Republic,1191,2019,,8673.19
212,Syrian Arab Republic,1192,2020,,4020.66
212,Syrian Arab Republic,1193,2021,,3885.71
212,Syrian Arab Republic,1194,2022,,
213,Turkmenistan,1195,2017,132.33,6795.83
213,Turkmenistan,1196,2018,107.19,5598.87
213,Turkmenistan,1197,2019,116.15,6303.42
213,Turkmenistan,1198,2020,139.81,6289.85
213,Turkmenistan,1199,2021,132.23,6812.78
213,Turkmenistan,1200,2022,,
214,"China, Taiwan Province of",1201,2017,,
214,"China, Taiwan Province of",1202,2018,,
214,"China, Taiwan Province of",1203,2019,,
214,"China, Taiwan Province of",1204,2020,,
214,"China, Taiwan Province of",1205,2021,,
214,"China, Taiwan Province of",1206,2022,,
215,United Republic of Tanzania,1207,2017,190.17,10603.89
215,United Republic of Tanzania,1208,2018,125.99,12345.46
215,United Republic of Tanzania,1209,2019,159.19,14192.73
215,United Republic of Tanzania,1210,2020,66.68,12140.38
215,United Republic of Tanzania,1211,2021,157.09,13302.26
215,United Republic of Tanzania,1212,2022,339.15,15854.73
216,Thailand,1213,2017,,89441.67
216,Thailand,1214,2018,,99360.05
216,Thailand,1215,2019,,103021.95
216,Thailand,1216,2020,,117259.64
216,Thailand,1217,2021,,126622.04
216,Thailand,1218,2022,,110661.15
217,Togo,1219,2017,85.19,1203.99
217,Togo,1220,2018,71.7,1594.31
217,Togo,1221,2019,,
217,Togo,1222,2020,,
217,Togo,1223,2021,,
217,Togo,1224,2022,,
218,Tokelau,1225,2017,,
218,Tokelau,1226,2018,,
218,Tokelau,1227,2019,,
218,Tokelau,1228,2020,,
218,Tokelau,1229,2021,,
218,Tokelau,1230,2022,,
219,Tonga,1231,2017,5.32,184.05
219,Tonga,1232,2018,6.07,190.39
219,Tonga,1233,2019,4.8,195.84
219,Tonga,1234,2020,3.85,189.17
219,Tonga,1235,2021,,
219,Tonga,1236,2022,,
220,Trinidad and Tobago,1237,2017,,8408.55
220,Trinidad and Tobago,1238,2018,,7864.21
220,Trinidad and Tobago,1239,2019,,7274.03
220,Trinidad and Tobago,1240,2020,,7284.46
220,Trinidad and Tobago,1241,2021,,8000.87
220,Trinidad and Tobago,1242,2022,,8006.08
221,Oman,1243,2017,,31921.2
221,Oman,1244,2018,,35368.53
221,Oman,1245,2019,,34358.91
221,Oman,1246,2020,,33615.08
221,Oman,1247,2021,,32295.97
221,Oman,1248,2022,,31547.46
222,Tunisia,1249,2017,,14138.38
222,Tunisia,1250,2018,,14180.88
222,Tunisia,1251,2019,,14346.54
222,Tunisia,1252,2020,,17098.57
222,Tunisia,1253,2021,,19693.27
222,Tunisia,1254,2022,,19596.6
223,T??rkiye,1255,2017,,216607.9
223,T??rkiye,1256,2018,,199441.11
223,T??rkiye,1257,2019,,200479.75
223,T??rkiye,1258,2020,,199004.64
223,T??rkiye,1259,2021,,204028.72
223,T??rkiye,1260,2022,,220603
224,Turks and Caicos Islands,1261,2017,,
224,Turks and Caicos Islands,1262,2018,,
224,Turks and Caicos Islands,1263,2019,,
224,Turks and Caicos Islands,1264,2020,,
224,Turks and Caicos Islands,1265,2021,,
224,Turks and Caicos Islands,1266,2022,,
225,United Arab Emirates,1267,2017,,16803.47
225,United Arab Emirates,1268,2018,,16923.89
225,United Arab Emirates,1269,2019,,17795.21
225,United Arab Emirates,1270,2020,,17540.91
225,United Arab Emirates,1271,2021,7.09,13398.26
225,United Arab Emirates,1272,2022,1.88,13963.83
226,Uganda,1273,2017,,4627.91
226,Uganda,1274,2018,,4963.77
226,Uganda,1275,2019,,5039.02
226,Uganda,1276,2020,,7306.41
226,Uganda,1277,2021,,9414.73
226,Uganda,1278,2022,,
227,Tuvalu,1279,2017,0.41,51.36
227,Tuvalu,1280,2018,,60.52
227,Tuvalu,1281,2019,,61.11
227,Tuvalu,1282,2020,,62.69
227,Tuvalu,1283,2021,,70.09
227,Tuvalu,1284,2022,,65.55
228,USSR,1285,2017,,
228,USSR,1286,2018,,
228,USSR,1287,2019,,
228,USSR,1288,2020,,
228,USSR,1289,2021,,
228,USSR,1290,2022,,
229,United Kingdom of Great Britain and Northern Ireland,1291,2017,,1004090.59
229,United Kingdom of Great Britain and Northern Ireland,1292,2018,,1075367.86
229,United Kingdom of Great Britain and Northern Ireland,1293,2019,,1061882.94
229,United Kingdom of Great Britain and Northern Ireland,1294,2020,,1326750.72
229,United Kingdom of Great Britain and Northern Ireland,1295,2021,,1420761.66
229,United Kingdom of Great Britain and Northern Ireland,1296,2022,,
230,Ukraine,1297,2017,,31413.97
230,Ukraine,1298,2018,479.92,36064.13
230,Ukraine,1299,2019,503.76,41372.27
230,Ukraine,1300,2020,500.68,47630.98
230,Ukraine,1301,2021,557.97,54244.18
230,Ukraine,1302,2022,287.05,83291.91
231,United States of America,1303,2017,,2570000
231,United States of America,1304,2018,,2733400
231,United States of America,1305,2019,,2899200
231,United States of America,1306,2020,,4234700
231,United States of America,1307,2021,,4860700
231,United States of America,1308,2022,,3919000
233,Burkina Faso,1309,2017,149.45,3397.2
233,Burkina Faso,1310,2018,150.39,3506.1
233,Burkina Faso,1311,2019,118.93,3648.39
233,Burkina Faso,1312,2020,113.74,4174.73
233,Burkina Faso,1313,2021,184.51,4616.16
233,Burkina Faso,1314,2022,76.87,5746.18
234,Uruguay,1315,2017,,16760.74
234,Uruguay,1316,2018,,17273.13
234,Uruguay,1317,2019,,16654.95
234,Uruguay,1318,2020,,12113.56
234,Uruguay,1319,2021,,
234,Uruguay,1320,2022,,
235,Uzbekistan,1321,2017,,6726.94
235,Uzbekistan,1322,2018,,7320.15
235,Uzbekistan,1323,2019,,8869.3
235,Uzbekistan,1324,2020,,12022.17
235,Uzbekistan,1325,2021,,15898.47
235,Uzbekistan,1326,2022,,16400.77
236,Venezuela (Bolivarian Republic of),1327,2017,,
236,Venezuela (Bolivarian Republic of),1328,2018,,
236,Venezuela (Bolivarian Republic of),1329,2019,,
236,Venezuela (Bolivarian Republic of),1330,2020,,
236,Venezuela (Bolivarian Republic of),1331,2021,,
236,Venezuela (Bolivarian Republic of),1332,2022,,
237,Viet Nam,1333,2017,37.95,
237,Viet Nam,1334,2018,112.11,
237,Viet Nam,1335,2019,51.11,
237,Viet Nam,1336,2020,709.83,
237,Viet Nam,1337,2021,491.28,
237,Viet Nam,1338,2022,,
238,Ethiopia,1339,2017,,11439.82
238,Ethiopia,1340,2018,,10736.59
238,Ethiopia,1341,2019,,11481.73
238,Ethiopia,1342,2020,,10390.22
238,Ethiopia,1343,2021,,
238,Ethiopia,1344,2022,,
239,British Virgin Islands,1345,2017,,
239,British Virgin Islands,1346,2018,,
239,British Virgin Islands,1347,2019,,
239,British Virgin Islands,1348,2020,,
239,British Virgin Islands,1349,2021,,
239,British Virgin Islands,1350,2022,,
240,United States Virgin Islands,1351,2017,,
240,United States Virgin Islands,1352,2018,,
240,United States Virgin Islands,1353,2019,,
240,United States Virgin Islands,1354,2020,,
240,United States Virgin Islands,1355,2021,,
240,United States Virgin Islands,1356,2022,,
242,Wake Island,1357,2017,,
242,Wake Island,1358,2018,,
242,Wake Island,1359,2019,,
242,Wake Island,1360,2020,,
242,Wake Island,1361,2021,,
242,Wake Island,1362,2022,,
243,Wallis and Futuna Islands,1363,2017,,
243,Wallis and Futuna Islands,1364,2018,,
243,Wallis and Futuna Islands,1365,2019,,
243,Wallis and Futuna Islands,1366,2020,,
243,Wallis and Futuna Islands,1367,2021,,
243,Wallis and Futuna Islands,1368,2022,,
244,Samoa,1369,2017,16.18,250.53
244,Samoa,1370,2018,7.65,248.87
244,Samoa,1371,2019,8.22,244.22
244,Samoa,1372,2020,16.92,247.85
244,Samoa,1373,2021,12.3,294.77
244,Samoa,1374,2022,5.88,268.98
248,Yugoslav SFR,1375,2017,,
248,Yugoslav SFR,1376,2018,,
248,Yugoslav SFR,1377,2019,,
248,Yugoslav SFR,1378,2020,,
248,Yugoslav SFR,1379,2021,,
248,Yugoslav SFR,1380,2022,,
249,Yemen,1381,2017,,
249,Yemen,1382,2018,,
249,Yemen,1383,2019,,
249,Yemen,1384,2020,,
249,Yemen,1385,2021,,
249,Yemen,1386,2022,,
250,Democratic Republic of the Congo,1387,2017,,3576.42
250,Democratic Republic of the Congo,1388,2018,,5550.51
250,Democratic Republic of the Congo,1389,2019,,6268.98
250,Democratic Republic of the Congo,1390,2020,,4913.78
250,Democratic Republic of the Congo,1391,2021,,5958.58
250,Democratic Republic of the Congo,1392,2022,,8979.13
251,Zambia,1393,2017,448.97,5724.98
251,Zambia,1394,2018,274.14,5692.78
251,Zambia,1395,2019,290.42,6796.22
251,Zambia,1396,2020,165.07,5778.84
251,Zambia,1397,2021,,
251,Zambia,1398,2022,,
255,Belgium,1399,2017,,134361.3
255,Belgium,1400,2018,,144346.36
255,Belgium,1401,2019,,141976.67
255,Belgium,1402,2020,,162351.23
255,Belgium,1403,2021,,172979.83
255,Belgium,1404,2022,,
256,Luxembourg,1405,2017,,19432.44
256,Luxembourg,1406,2018,,21575.97
256,Luxembourg,1407,2019,,21708.5
256,Luxembourg,1408,2020,,25259.9
256,Luxembourg,1409,2021,,26385.96
256,Luxembourg,1410,2022,,25579.3
258,Anguilla,1411,2017,,
258,Anguilla,1412,2018,,
258,Anguilla,1413,2019,,
258,Anguilla,1414,2020,,
258,Anguilla,1415,2021,,
258,Anguilla,1416,2022,,
259,Channel Islands,1417,2017,,
259,Channel Islands,1418,2018,,
259,Channel Islands,1419,2019,,
259,Channel Islands,1420,2020,,
259,Channel Islands,1421,2021,,
259,Channel Islands,1422,2022,,
260,Svalbard and Jan Mayen Islands,1423,2017,,
260,Svalbard and Jan Mayen Islands,1424,2018,,
260,Svalbard and Jan Mayen Islands,1425,2019,,
260,Svalbard and Jan Mayen Islands,1426,2020,,
260,Svalbard and Jan Mayen Islands,1427,2021,,
260,Svalbard and Jan Mayen Islands,1428,2022,,
264,Isle of Man,1429,2017,,
264,Isle of Man,1430,2018,,
264,Isle of Man,1431,2019,,
264,Isle of Man,1432,2020,,
264,Isle of Man,1433,2021,,
264,Isle of Man,1434,2022,,
270,Mayotte,1435,2017,,
270,Mayotte,1436,2018,,
270,Mayotte,1437,2019,,
270,Mayotte,1438,2020,,
270,Mayotte,1439,2021,,
270,Mayotte,1440,2022,,
272,Serbia,1441,2017,,12346.75
272,Serbia,1442,2018,,13882.34
272,Serbia,1443,2019,,14589.05
272,Serbia,1444,2020,,16639.09
272,Serbia,1445,2021,,17620.93
272,Serbia,1446,2022,,17154.06
273,Montenegro,1447,2017,25.07,2036.97
273,Montenegro,1448,2018,29.33,3165.48
273,Montenegro,1449,2019,34.55,2902.98
273,Montenegro,1450,2020,35.59,3119.87
273,Montenegro,1451,2021,40.19,2896.54
273,Montenegro,1452,2022,38.3,2721.76
276,Sudan,1453,2017,,
276,Sudan,1454,2018,,
276,Sudan,1455,2019,,
276,Sudan,1456,2020,,
276,Sudan,1457,2021,,
276,Sudan,1458,2022,,
277,South Sudan,1459,2017,,
277,South Sudan,1460,2018,,
277,South Sudan,1461,2019,,
277,South Sudan,1462,2020,,
277,South Sudan,1463,2021,,
277,South Sudan,1464,2022,,
299,Palestine,1465,2017,,4493.45
299,Palestine,1466,2018,,4190.25
299,Palestine,1467,2019,,4342.6
299,Palestine,1468,2020,,4674.5
299,Palestine,1469,2021,,4840.5
299,Palestine,1470,2022,,4674.5
351,China,1471,2017,,
351,China,1472,2018,,
351,China,1473,2019,,
351,China,1474,2020,,
351,China,1475,2021,,
351,China,1476,2022,,
